seed,condition,variant,sharpe_like,final_equity,fill_rate,inv_p99,train_seconds,eval_seconds
42,full,sigma_only,0.4915743508675355,1.5759217796642133,0.1525,1.0,991.5831654071808,0.7291224002838135
42,full,regime_only,0.7448725938477916,2.705570776924816,0.224375,2.0,978.845306634903,0.7190043926239014
42,full,combined,0.6511164490408017,2.5406109979141007,0.17875,2.0,990.2889657020569,0.7298402786254883
42,full,oracle_pure,0.338013679459542,1.0067331248669262,0.08375,1.0,978.0698065757751,0.7244722843170166
42,full,oracle_full,0.6473416714277246,2.1574459746608454,0.16125,1.0,1001.49227643013,0.7351546287536621
42,noisy,sigma_only,0.725232668506487,2.8791885582938193,0.18,2.0,980.812830209732,0.7237310409545898
42,noisy,regime_only,0.7448725938477916,2.705570776924816,0.224375,2.0,979.0422084331512,0.7119405269622803
42,noisy,combined,0.6909008969036843,2.508475098274758,0.210625,2.0,990.8696005344391,0.7530064582824707
42,noisy,oracle_pure,0.338013679459542,1.0067331248669262,0.08375,1.0,978.1753361225128,0.7281098365783691
42,noisy,oracle_full,0.6030702753272354,1.950527702773229,0.1275,1.0,991.079966545105,0.7395215034484863
42,lagged,sigma_only,0.7023160365601218,2.7547264822084543,0.16125,2.0,986.4974420070648,0.7141849994659424
42,lagged,regime_only,0.7448725938477916,2.705570776924816,0.224375,2.0,1096.9637417793274,0.884345531463623
42,lagged,combined,0.766222687052901,2.8716535011398747,0.215,2.0,1205.3837213516235,0.7450463771820068
42,lagged,oracle_pure,0.338013679459542,1.0067331248669262,0.08375,1.0,985.5330722332001,0.7390575408935547
42,lagged,oracle_full,0.8277552032705524,3.272216520233698,0.235625,2.0,996.4261882305145,0.747938871383667
42,coarsened,sigma_only,0.7001267138999112,2.716397182292596,0.1625,1.0,984.6029212474823,0.7402970790863037
42,coarsened,regime_only,0.7448725938477916,2.705570776924816,0.224375,2.0,981.767648935318,0.7312757968902588
42,coarsened,combined,0.6808939155149499,2.445076068914915,0.259375,1.0,1011.7919120788574,0.7605142593383789
42,coarsened,oracle_pure,0.338013679459542,1.0067331248669262,0.08375,1.0,991.0301325321198,0.7299058437347412
42,coarsened,oracle_full,0.6287806279726021,2.277247910338474,0.21625,2.0,994.1721272468567,0.7410259246826172
42,none,regime_only,0.7448725938477916,2.705570776924816,0.224375,2.0,981.7063443660736,0.7282314300537109
42,none,combined,0.7448725938477916,2.705570776924816,0.224375,2.0,981.0814337730408,0.7331264019012451
42,none,oracle_pure,0.338013679459542,1.0067331248669262,0.08375,1.0,982.779378414154,0.7332103252410889
42,none,oracle_full,0.338013679459542,1.0067331248669262,0.08375,1.0,983.2267045974731,0.7429344654083252
43,full,sigma_only,0.7320113812841397,2.6146200043593097,0.145,1.0,985.7221972942352,0.7252120971679688
43,full,regime_only,0.4152013740971152,1.5736442784281621,0.10875,3.0,981.9213478565216,0.724358320236206
43,full,combined,0.8079462355544345,2.9348713460038596,0.2325,2.0,995.3638873100281,0.7478640079498291
43,full,oracle_pure,0.798444953602018,2.4778619462032054,0.226875,2.0,991.9491951465607,0.7357113361358643
43,full,oracle_full,0.8730312484821814,3.294709835731652,0.249375,2.0,995.3090531826019,0.7652478218078613
43,noisy,sigma_only,0.886369753453745,3.5135676930568422,0.263125,2.0,985.0159177780151,0.7293875217437744
43,noisy,regime_only,0.4152013740971152,1.5736442784281621,0.10875,3.0,983.7664666175842,0.7399284839630127
43,noisy,combined,0.8656609786468054,2.5481958606664534,0.219375,1.0,995.7665967941284,0.7432639598846436
43,noisy,oracle_pure,0.798444953602018,2.4778619462032054,0.226875,2.0,983.4404084682465,0.718195915222168
43,noisy,oracle_full,0.8629751542206995,2.7792387428637255,0.22375,2.0,1048.85413813591,0.8799316883087158
43,lagged,sigma_only,0.8564269297574303,2.7677601798530986,0.226875,1.0,1269.688972234726,0.854748010635376
43,lagged,regime_only,0.4152013740971152,1.5736442784281621,0.10875,3.0,1073.5337190628052,0.7324376106262207
43,lagged,combined,0.5678761476069305,1.9573975390356395,0.135,2.0,1000.9685945510864,0.7508256435394287
43,lagged,oracle_pure,0.798444953602018,2.4778619462032054,0.226875,2.0,988.5705778598785,0.7380180358886719
43,lagged,oracle_full,0.7289215254273593,2.295599808076261,0.18375,1.0,1002.5102417469025,0.754115104675293
43,coarsened,sigma_only,0.8485449105195514,2.5844036007271853,0.225,1.0,990.7604420185089,0.7522227764129639
43,coarsened,regime_only,0.4152013740971152,1.5736442784281621,0.10875,3.0,987.3226661682129,0.7189321517944336
43,coarsened,combined,0.6571549511395895,2.0823700144430433,0.141875,2.0,1000.4628190994263,0.7301855087280273
43,coarsened,oracle_pure,0.798444953602018,2.4778619462032054,0.226875,2.0,987.589301109314,0.7303793430328369
43,coarsened,oracle_full,0.8522146016364489,2.680721889518466,0.23125,1.0,1001.3141655921936,0.7555899620056152
43,none,regime_only,0.4152013740971152,1.5736442784281621,0.10875,3.0,1021.677225112915,0.8510384559631348
43,none,combined,0.4152013740971152,1.5736442784281621,0.10875,3.0,1229.7994017601013,0.9278855323791504
43,none,oracle_pure,0.798444953602018,2.4778619462032054,0.226875,2.0,1143.2243676185608,0.7345085144042969
43,none,oracle_full,0.798444953602018,2.4778619462032054,0.226875,2.0,1009.6544172763824,0.7422723770141602
44,full,sigma_only,0.7645637326480347,3.0271483670184978,0.1775,1.0,1027.991260766983,0.7465224266052246
44,full,regime_only,0.7116879426198913,2.579025920652498,0.231875,3.0,991.378493309021,0.7448718547821045
44,full,combined,0.7437952828687522,3.1792100925970175,0.2825,2.0,995.9723465442657,0.745654821395874
44,full,oracle_pure,0.5763496229042918,2.1664254192113646,0.21625,2.0,984.8781952857971,0.7349281311035156
44,full,oracle_full,0.6057869633419305,2.0345267059653906,0.179375,1.0,995.1978857517242,0.7438547611236572
44,noisy,sigma_only,0.7937080831820085,3.1895420332380127,0.2625,2.0,985.1426594257355,0.7372362613677979
44,noisy,regime_only,0.7116879426198913,2.579025920652498,0.231875,3.0,984.2420210838318,0.7274363040924072
44,noisy,combined,0.5241603313985668,1.6683037016158835,0.15875,1.0,995.7211456298828,0.7426097393035889
44,noisy,oracle_pure,0.5763496229042918,2.1664254192113646,0.21625,2.0,983.2133312225342,0.7284152507781982
44,noisy,oracle_full,0.6163727488823476,2.3390397435948955,0.20625,2.0,995.5406119823456,0.7406158447265625
44,lagged,sigma_only,0.7034738070136066,2.8949639781703667,0.255625,2.0,987.0848903656006,0.7272515296936035
44,lagged,regime_only,0.7116879426198913,2.579025920652498,0.231875,3.0,983.3686764240265,0.7206153869628906
44,lagged,combined,0.7213687364660172,2.6956471299747022,0.238125,2.0,995.5940272808075,0.743220329284668
44,lagged,oracle_pure,0.5763496229042918,2.1664254192113646,0.21625,2.0,983.2487192153931,0.7361946105957031
44,lagged,oracle_full,0.7133513850145791,2.660892032257607,0.17125,2.0,997.2659139633179,0.7520475387573242
44,coarsened,sigma_only,0.9171408696205368,3.488354299204758,0.32625,2.0,986.7380640506744,0.7079916000366211
44,coarsened,regime_only,0.7116879426198913,2.579025920652498,0.231875,3.0,985.6848254203796,0.7310409545898438
44,coarsened,combined,0.532444520425842,1.9797997784447858,0.12625,3.0,996.8972432613373,0.7374410629272461
44,coarsened,oracle_pure,0.5763496229042918,2.1664254192113646,0.21625,2.0,983.7730755805969,0.7183611392974854
44,coarsened,oracle_full,0.8124383578750572,3.343207558963229,0.268125,2.0,996.3690416812897,0.7475359439849854
44,none,regime_only,0.7116879426198913,2.579025920652498,0.231875,3.0,983.6605498790741,0.7308099269866943
44,none,combined,0.7116879426198913,2.579025920652498,0.231875,3.0,985.073557138443,0.7364637851715088
44,none,oracle_pure,0.5763496229042918,2.1664254192113646,0.21625,2.0,984.0256977081299,0.7107481956481934
44,none,oracle_full,0.5763496229042918,2.1664254192113646,0.21625,2.0,1061.6614038944244,0.8343377113342285
45,full,sigma_only,0.8874903109019181,3.409678003236337,0.264375,2.0,1098.0539309978485,0.7582483291625977
45,full,regime_only,0.8960085336733483,3.4827262402416466,0.255625,2.0,1084.1948912143707,0.7553186416625977
45,full,combined,0.6832196617011528,2.9935335100178975,0.21125,3.0,1205.9077382087708,0.9008138179779053
45,full,oracle_pure,0.5775480745181341,3.044567461169919,0.200625,3.0,1190.4144098758698,0.8456296920776367
45,full,oracle_full,0.9566283674442105,3.8655486107575427,0.28,2.0,1062.676108121872,0.745119571685791
45,noisy,sigma_only,0.8953159578048858,3.409668590755558,0.22875,2.0,996.9346334934235,0.7345762252807617
45,noisy,regime_only,0.8960085336733483,3.4827262402416466,0.255625,2.0,1016.4918174743652,0.7424178123474121
45,noisy,combined,0.7695523176447678,2.738938794139898,0.2075,2.0,1053.143078327179,0.7619802951812744
45,noisy,oracle_pure,0.5775480745181341,3.044567461169919,0.200625,3.0,1079.2353143692017,0.8066110610961914
45,noisy,oracle_full,0.9139465383308615,3.4949078343928193,0.265,2.0,1128.7762212753296,0.7852640151977539
45,lagged,sigma_only,0.929300270963045,3.885972265581131,0.2825,2.0,1118.466171503067,0.7879135608673096
45,lagged,regime_only,0.8960085336733483,3.4827262402416466,0.255625,2.0,1118.1176512241364,0.7753024101257324
45,lagged,combined,0.9282534270263825,3.5289891376464197,0.269375,2.0,1130.8889751434326,0.8014829158782959
45,lagged,oracle_pure,0.5775480745181341,3.044567461169919,0.200625,3.0,1119.443467617035,0.7784667015075684
45,lagged,oracle_full,0.9977417647324038,3.7370483297322323,0.27125,2.0,1130.6622014045715,0.8085451126098633
45,coarsened,sigma_only,0.8831051428294099,3.8569184859918266,0.28125,2.0,1120.3244924545288,0.8016932010650635
45,coarsened,regime_only,0.8960085336733483,3.4827262402416466,0.255625,2.0,1100.4723706245422,0.7837715148925781
45,coarsened,combined,0.8453352086630346,3.114734766164787,0.2475,2.0,1055.410975933075,0.8160262107849121
45,coarsened,oracle_pure,0.5775480745181341,3.044567461169919,0.200625,3.0,1029.9807450771332,0.732342004776001
45,coarsened,oracle_full,0.8438279296326917,3.2296604251936856,0.2375,2.0,1008.2448794841766,0.7356472015380859
45,none,regime_only,0.8960085336733483,3.4827262402416466,0.255625,2.0,997.3156018257141,0.737889289855957
45,none,combined,0.8960085336733483,3.4827262402416466,0.255625,2.0,997.7712571620941,0.7334191799163818
45,none,oracle_pure,0.5775480745181341,3.044567461169919,0.200625,3.0,996.8678903579712,0.7424948215484619
45,none,oracle_full,0.5775480745181341,3.044567461169919,0.200625,3.0,996.1103467941284,0.7338459491729736
46,full,sigma_only,0.6186584082115776,2.19960892416573,0.24,1.0,1000.9681887626648,0.745476484298706
46,full,regime_only,0.4165412637196731,1.525684124780767,0.07875,1.0,998.3903968334198,0.733168363571167
46,full,combined,0.6912920796311068,3.0127943049472066,0.278125,2.0,1099.4917876720428,0.7705605030059814
46,full,oracle_pure,0.6264928172195976,2.633377405850908,0.229375,2.0,1125.742559671402,0.7946012020111084
46,full,oracle_full,0.7405164848893973,3.1693465692059846,0.27875,2.0,1277.77325797081,0.8809878826141357
46,noisy,sigma_only,0.7344008116780484,3.2844160250840133,0.281875,2.0,1221.2012407779694,0.7873096466064453
46,noisy,regime_only,0.4165412637196731,1.525684124780767,0.07875,1.0,1101.130175113678,0.7885832786560059
46,noisy,combined,0.6641221943750657,2.709307646436244,0.258125,2.0,1098.922999382019,0.757612943649292
46,noisy,oracle_pure,0.6264928172195976,2.633377405850908,0.229375,2.0,1010.4563505649567,0.73663330078125
46,noisy,oracle_full,-0.05961072432670652,-0.2977988462197345,0.005,2.0,1003.1070625782013,0.7511639595031738
46,lagged,sigma_only,0.7009987239497086,3.2079830649296497,0.275625,2.0,994.8046684265137,0.7368435859680176
46,lagged,regime_only,0.4165412637196731,1.525684124780767,0.07875,1.0,989.7195708751678,0.7289624214172363
46,lagged,combined,0.6122073473679753,2.549272932510135,0.245625,2.0,1012.2338483333588,0.7416608333587646
46,lagged,oracle_pure,0.6264928172195976,2.633377405850908,0.229375,2.0,1000.9158658981323,0.7396867275238037
46,lagged,oracle_full,0.7201756282119527,3.0331168973303733,0.255625,2.0,1035.786616563797,0.7902796268463135
46,coarsened,sigma_only,0.7319867774037254,3.0225846638605987,0.275625,2.0,1029.0898110866547,0.8116321563720703
46,coarsened,regime_only,0.4165412637196731,1.525684124780767,0.07875,1.0,1003.8180167675018,0.7380561828613281
46,coarsened,combined,0.7477382488383617,3.248224809961897,0.26375,2.0,1041.4249429702759,0.7490429878234863
46,coarsened,oracle_pure,0.6264928172195976,2.633377405850908,0.229375,2.0,1011.4751665592194,0.7489137649536133
46,coarsened,oracle_full,0.6543882315302462,2.0882361756117263,0.16875,1.0,1099.5535593032837,0.7655673027038574
46,none,regime_only,0.4165412637196731,1.525684124780767,0.07875,1.0,1040.019382238388,0.7545933723449707
46,none,combined,0.4165412637196731,1.525684124780767,0.07875,1.0,1021.9281234741211,0.7222716808319092
46,none,oracle_pure,0.6264928172195976,2.633377405850908,0.229375,2.0,982.6954643726349,0.7221369743347168
46,none,oracle_full,0.6264928172195976,2.633377405850908,0.229375,2.0,982.6121137142181,0.73545241355896
47,full,sigma_only,0.5741787624381834,2.8716519071205084,0.308125,3.0,986.3881666660309,0.7418713569641113
47,full,regime_only,0.5048509384061161,2.260336086776377,0.17875,2.0,985.2117731571198,0.7601501941680908
47,full,combined,0.5133930845381282,2.380354699391887,0.246875,2.0,995.8401510715485,0.7483391761779785
47,full,oracle_pure,0.30997354053992393,1.2496764751944625,0.158125,2.0,984.053314447403,0.7209768295288086
47,full,oracle_full,0.5798016812420825,2.2604688450601174,0.174375,2.0,996.2873454093933,0.7580611705780029
47,noisy,sigma_only,0.5556016245864972,2.1686445932499225,0.161875,2.0,985.1241571903229,0.7336726188659668
47,noisy,regime_only,0.5048509384061161,2.260336086776377,0.17875,2.0,985.1563279628754,0.752068281173706
47,noisy,combined,0.5860046149813106,2.6649993148858897,0.243125,3.0,986.8144934177399,0.7368490695953369
47,noisy,oracle_pure,0.30997354053992393,1.2496764751944625,0.158125,2.0,974.4089407920837,0.7157559394836426
47,noisy,oracle_full,0.5606092189341415,2.1779431478632603,0.17125,2.0,989.8526515960693,0.7387182712554932
47,lagged,sigma_only,0.5702601450617857,2.030861023676863,0.22625,1.0,977.531848192215,0.7263097763061523
47,lagged,regime_only,0.5048509384061161,2.260336086776377,0.17875,2.0,976.2256879806519,0.727461576461792
47,lagged,combined,0.5699066817670478,2.1006313595554076,0.218125,2.0,985.3803522586823,0.744910717010498
47,lagged,oracle_pure,0.30997354053992393,1.2496764751944625,0.158125,2.0,976.0054364204407,0.7099182605743408
47,lagged,oracle_full,0.5242991108004439,2.1762537702030045,0.160625,2.0,988.5336360931396,0.7459759712219238
47,coarsened,sigma_only,0.6472249370352562,2.470913672145116,0.220625,1.0,978.5367050170898,0.73781418800354
47,coarsened,regime_only,0.5048509384061161,2.260336086776377,0.17875,2.0,974.6858685016632,0.7376582622528076
47,coarsened,combined,0.587434052749339,2.020830062316719,0.22125,1.0,984.7258489131927,0.7305557727813721
47,coarsened,oracle_pure,0.30997354053992393,1.2496764751944625,0.158125,2.0,975.0716791152954,0.714165449142456
47,coarsened,oracle_full,0.5677812055972485,2.209649708941072,0.166875,2.0,985.5904133319855,0.7419483661651611
47,none,regime_only,0.5048509384061161,2.260336086776377,0.17875,2.0,977.964542388916,0.7191216945648193
47,none,combined,0.5048509384061161,2.260336086776377,0.17875,2.0,977.3692765235901,0.7241272926330566
47,none,oracle_pure,0.30997354053992393,1.2496764751944625,0.158125,2.0,976.1438286304474,0.7191207408905029
47,none,oracle_full,0.30997354053992393,1.2496764751944625,0.158125,2.0,977.4701273441315,0.7119309902191162
48,full,sigma_only,0.6750880988764401,3.0250623614667376,0.228125,2.0,981.0520796775818,0.7249922752380371
48,full,regime_only,0.6527225406118033,2.602309432150065,0.226875,2.0,978.1402621269226,0.7152304649353027
48,full,combined,0.36760748389158543,1.3326238235210042,0.0725,1.0,991.6980490684509,0.7423667907714844
48,full,oracle_pure,0.4874588744344969,2.2377343592232535,0.113125,3.0,979.9769957065582,0.7218325138092041
48,full,oracle_full,0.4801340098832274,2.005105176157997,0.13375,1.0,990.8992917537689,0.7516405582427979
48,noisy,sigma_only,0.5735619201962586,2.395742256979304,0.24375,2.0,979.7555112838745,0.7317595481872559
48,noisy,regime_only,0.6527225406118033,2.602309432150065,0.226875,2.0,979.0736446380615,0.7128992080688477
48,noisy,combined,0.6365686676701099,2.73615861354628,0.255625,2.0,1262.6101932525635,0.9145932197570801
48,noisy,oracle_pure,0.4874588744344969,2.2377343592232535,0.113125,3.0,1203.7439148426056,0.8246498107910156
48,noisy,oracle_full,0.5034900411633857,1.9941179382218195,0.203125,2.0,992.9086630344391,0.7336924076080322
48,lagged,sigma_only,0.6730207044460423,2.805352145046797,0.25375,2.0,968.0153303146362,0.7318322658538818
48,lagged,regime_only,0.6527225406118033,2.602309432150065,0.226875,2.0,964.4768557548523,0.7217631340026855
48,lagged,combined,0.5651973359508884,2.1780045598979285,0.18125,1.0,984.6059517860413,0.737023115158081
48,lagged,oracle_pure,0.4874588744344969,2.2377343592232535,0.113125,3.0,978.0766532421112,0.7130351066589355
48,lagged,oracle_full,0.53253073665846,2.523751965807989,0.17,4.0,983.5190763473511,0.8039650917053223
48,coarsened,sigma_only,0.6807622364814099,2.99320823412188,0.26125,2.0,975.7804267406464,0.7281296253204346
48,coarsened,regime_only,0.6527225406118033,2.602309432150065,0.226875,2.0,973.7314357757568,0.729590654373169
48,coarsened,combined,0.5527226422168097,2.322299542730377,0.23625,2.0,984.2227759361267,0.7390968799591064
48,coarsened,oracle_pure,0.4874588744344969,2.2377343592232535,0.113125,3.0,974.4859535694122,0.7239673137664795
48,coarsened,oracle_full,0.5971561042743317,2.6497264143609556,0.2375,2.0,984.262754201889,0.7322297096252441
48,none,regime_only,0.6527225406118033,2.602309432150065,0.226875,2.0,970.9217631816864,0.7169597148895264
48,none,combined,0.6527225406118033,2.602309432150065,0.226875,2.0,973.336941242218,0.7145230770111084
48,none,oracle_pure,0.4874588744344969,2.2377343592232535,0.113125,3.0,973.3653120994568,0.7148861885070801
48,none,oracle_full,0.4874588744344969,2.2377343592232535,0.113125,3.0,972.9535629749298,0.7394545078277588
49,full,sigma_only,0.7752885130674149,3.2472385642407176,0.27875,2.0,975.1370813846588,0.7227137088775635
49,full,regime_only,0.5458423833681911,2.380875601658758,0.225625,2.0,973.9458804130554,0.7186939716339111
49,full,combined,0.6346830863387722,2.8274872515878684,0.275,3.0,1031.502440214157,0.7509303092956543
49,full,oracle_pure,0.7350733298044261,3.140549567697164,0.283125,2.0,1045.5975186824799,0.7866485118865967
49,full,oracle_full,0.6286350556335205,2.6538937857616816,0.21,2.0,1114.0042867660522,0.7917242050170898
49,noisy,sigma_only,0.46867662428364354,1.7927289366871975,0.126875,2.0,1007.2348971366882,0.7502274513244629
49,noisy,regime_only,0.5458423833681911,2.380875601658758,0.225625,2.0,1012.5431287288666,0.7279410362243652
49,noisy,combined,0.3624079126901184,1.2905502920163059,0.090625,2.0,987.7263159751892,0.7414019107818604
49,noisy,oracle_pure,0.7350733298044261,3.140549567697164,0.283125,2.0,975.2294526100159,0.72247314453125
49,noisy,oracle_full,0.6643238776016481,2.7134570562604523,0.19875,1.0,987.3557586669922,0.7330999374389648
49,lagged,sigma_only,0.7594169795993773,3.323956504838236,0.2925,2.0,978.3008291721344,0.7299418449401855
49,lagged,regime_only,0.5458423833681911,2.380875601658758,0.225625,2.0,975.214565038681,0.7105066776275635
49,lagged,combined,0.6661383537894934,2.703103543065154,0.22125,2.0,987.8488736152649,0.7404780387878418
49,lagged,oracle_pure,0.7350733298044261,3.140549567697164,0.283125,2.0,976.8634924888611,0.7371740341186523
49,lagged,oracle_full,0.6987478454252598,2.7565575589637916,0.251875,2.0,988.1483933925629,0.7459659576416016
49,coarsened,sigma_only,0.6228175512865434,2.277165150389962,0.15875,2.0,978.8872177600861,0.7346136569976807
49,coarsened,regime_only,0.5458423833681911,2.380875601658758,0.225625,2.0,975.5827496051788,0.7382223606109619
49,coarsened,combined,0.1251459275742531,3.5550158168354784,0.104375,14.0,988.0641531944275,0.7388350963592529
49,coarsened,oracle_pure,0.7350733298044261,3.140549567697164,0.283125,2.0,975.449392080307,0.7177224159240723
49,coarsened,oracle_full,0.6908402138573511,3.0522409424165744,0.27125,2.0,987.2544639110565,0.7389729022979736
49,none,regime_only,0.5458423833681911,2.380875601658758,0.225625,2.0,976.005473613739,0.733034610748291
49,none,combined,0.5458423833681911,2.380875601658758,0.225625,2.0,978.5877277851105,0.7284719944000244
49,none,oracle_pure,0.7350733298044261,3.140549567697164,0.283125,2.0,975.9219720363617,0.7395803928375244
49,none,oracle_full,0.7350733298044261,3.140549567697164,0.283125,2.0,975.5957629680634,0.7250657081604004
50,full,sigma_only,0.8298562513130127,3.441033398383155,0.339375,2.0,978.279269695282,0.7273592948913574
50,full,regime_only,0.6365380169038863,2.170506139438885,0.251875,1.0,985.315233707428,0.7414994239807129
50,full,combined,0.7125437316920314,2.8250249437922292,0.2125,2.0,1012.2851605415344,0.765012264251709
50,full,oracle_pure,0.6780149000899095,2.6519922584333813,0.210625,2.0,1004.9732241630554,0.7343747615814209
50,full,oracle_full,0.5064207064396848,1.6814975445404627,0.109375,1.0,990.5052151679993,0.7347757816314697
50,noisy,sigma_only,0.8127147083913946,3.1793301788970894,0.3325,2.0,977.9317102432251,0.722968578338623
50,noisy,regime_only,0.6365380169038863,2.170506139438885,0.251875,1.0,988.0205986499786,0.7191333770751953
50,noisy,combined,0.7045801537985336,2.7248894229265943,0.261875,2.0,976.3231575489044,0.7380037307739258
50,noisy,oracle_pure,0.6780149000899095,2.6519922584333813,0.210625,2.0,965.441113948822,0.720038890838623
50,noisy,oracle_full,0.6734609322401359,2.518741828900076,0.256875,1.0,978.3671934604645,0.7382593154907227
50,lagged,sigma_only,0.8216302414220316,3.161675246427791,0.285625,2.0,966.1802568435669,0.7315914630889893
50,lagged,regime_only,0.6365380169038863,2.170506139438885,0.251875,1.0,964.3968820571899,0.7169835567474365
50,lagged,combined,0.6791535004627343,2.511007979701759,0.26375,2.0,977.1472086906433,0.7350201606750488
50,lagged,oracle_pure,0.6780149000899095,2.6519922584333813,0.210625,2.0,983.0066821575165,0.7251732349395752
50,lagged,oracle_full,0.49856828178075274,3.2137451583289334,0.28875,3.0,992.0858345031738,0.7483837604522705
50,coarsened,sigma_only,0.8020448945214321,3.006850549886323,0.25,2.0,977.678873538971,0.7272632122039795
50,coarsened,regime_only,0.6365380169038863,2.170506139438885,0.251875,1.0,976.7772915363312,0.7233648300170898
50,coarsened,combined,0.6044215905801937,2.037282510037244,0.14625,1.0,986.0052578449249,0.7413933277130127
50,coarsened,oracle_pure,0.6780149000899095,2.6519922584333813,0.210625,2.0,971.406984090805,0.721503496170044
50,coarsened,oracle_full,0.7116719627317676,2.833909979790903,0.274375,1.0,983.2181305885315,0.7380809783935547
50,none,regime_only,0.6365380169038863,2.170506139438885,0.251875,1.0,972.8372528553009,0.7252292633056641
50,none,combined,0.6365380169038863,2.170506139438885,0.251875,1.0,973.6547291278839,0.7275354862213135
50,none,oracle_pure,0.6780149000899095,2.6519922584333813,0.210625,2.0,973.6284210681915,0.7131667137145996
50,none,oracle_full,0.6780149000899095,2.6519922584333813,0.210625,2.0,971.8706648349762,0.7131681442260742
51,full,sigma_only,0.928169219261918,3.381067846028742,0.263125,1.0,974.7014727592468,0.7189111709594727
51,full,regime_only,0.9107516349647354,3.434174678256582,0.260625,2.0,972.7390751838684,0.7262647151947021
51,full,combined,0.8916610273816189,3.293136369265511,0.264375,2.0,984.3489537239075,0.7657806873321533
51,full,oracle_pure,0.9201761981549111,3.5329385426684894,0.2675,2.0,971.5183098316193,0.7357330322265625
51,full,oracle_full,0.9501251025901768,3.5194666000822963,0.26375,2.0,984.1887974739075,0.7397322654724121
51,noisy,sigma_only,0.9626987065124541,3.8341066872740157,0.2825,2.0,974.0990254878998,0.7241799831390381
51,noisy,regime_only,0.9107516349647354,3.434174678256582,0.260625,2.0,972.7486400604248,0.7353188991546631
51,noisy,combined,0.90286130655976,3.178367878573411,0.2575,2.0,983.7092125415802,0.7429423332214355
51,noisy,oracle_pure,0.9201761981549111,3.5329385426684894,0.2675,2.0,972.8380632400513,0.7176253795623779
51,noisy,oracle_full,0.9229882304757608,3.3514192228151387,0.26625,2.0,983.9510192871094,0.7498605251312256
51,lagged,sigma_only,0.9200215652783852,3.358359242759178,0.261875,1.0,973.5902488231659,0.7401742935180664
51,lagged,regime_only,0.9107516349647354,3.434174678256582,0.260625,2.0,972.142961025238,0.7317910194396973
51,lagged,combined,0.515742948741037,1.6117277697318855,0.14,2.0,984.1200399398804,0.7425909042358398
51,lagged,oracle_pure,0.9201761981549111,3.5329385426684894,0.2675,2.0,972.2748072147369,0.7206082344055176
51,lagged,oracle_full,0.8948010189191989,3.1485353889135013,0.24625,2.0,983.6011416912079,0.7352080345153809
51,coarsened,sigma_only,0.9727609804131272,3.507783161441651,0.306875,2.0,973.9267106056213,0.7235088348388672
51,coarsened,regime_only,0.9107516349647354,3.434174678256582,0.260625,2.0,975.6569671630859,0.7248408794403076
51,coarsened,combined,0.9217508514277806,3.3213442002886495,0.25875,2.0,983.361720085144,0.7417261600494385
51,coarsened,oracle_pure,0.9201761981549111,3.5329385426684894,0.2675,2.0,973.1083860397339,0.7198469638824463
51,coarsened,oracle_full,0.9643386377073844,3.735217055103135,0.275,2.0,983.2924861907959,0.7364487648010254
51,none,regime_only,0.9107516349647354,3.434174678256582,0.260625,2.0,975.3284187316895,0.7318594455718994
51,none,combined,0.9107516349647354,3.434174678256582,0.260625,2.0,973.0361800193787,0.7225136756896973
51,none,oracle_pure,0.9201761981549111,3.5329385426684894,0.2675,2.0,972.0132915973663,0.7277252674102783
51,none,oracle_full,0.9201761981549111,3.5329385426684894,0.2675,2.0,971.2299530506134,0.7409427165985107
52,full,sigma_only,0.8842019382247847,3.5828243133761077,0.29,3.0,974.7100973129272,0.7194244861602783
52,full,regime_only,0.7683785335050763,2.902584864379392,0.23,2.0,971.9646880626678,0.7025549411773682
52,full,combined,0.6942242657986286,2.733995837680709,0.165,1.0,984.8511486053467,0.7385389804840088
52,full,oracle_pure,0.7743981068074085,2.867556400176568,0.23,2.0,972.7566959857941,0.7380452156066895
52,full,oracle_full,0.6447703160290894,2.266208314663558,0.195625,2.0,984.2311673164368,0.7484996318817139
52,noisy,sigma_only,0.7942508247303488,3.1067157139073203,0.20875,2.0,973.9330823421478,0.7258026599884033
52,noisy,regime_only,0.7683785335050763,2.902584864379392,0.23,2.0,971.4127337932587,0.7333006858825684
52,noisy,combined,0.7629380540531544,2.712439774272795,0.20875,1.0,983.9592597484589,0.7336690425872803
52,noisy,oracle_pure,0.7743981068074085,2.867556400176568,0.23,2.0,973.2239518165588,0.7473695278167725
52,noisy,oracle_full,0.7722365030870778,3.1946725432619303,0.2525,4.0,984.6889872550964,0.7492570877075195
52,lagged,sigma_only,0.8273713532771025,3.2693511485188225,0.25,2.0,975.2181415557861,0.7288026809692383
52,lagged,regime_only,0.7683785335050763,2.902584864379392,0.23,2.0,971.3716797828674,0.7218406200408936
52,lagged,combined,0.7879216468460244,3.008712195906739,0.235625,2.0,983.9712865352631,0.7399823665618896
52,lagged,oracle_pure,0.7743981068074085,2.867556400176568,0.23,2.0,971.8026592731476,0.740546464920044
52,lagged,oracle_full,0.7301248053146129,2.6028624202030386,0.205,2.0,985.3001625537872,0.7456045150756836
52,coarsened,sigma_only,0.8633788415619137,3.1850085762884532,0.27125,2.0,975.4150605201721,0.7284376621246338
52,coarsened,regime_only,0.7683785335050763,2.902584864379392,0.23,2.0,971.9167222976685,0.7211220264434814
52,coarsened,combined,0.7362576560218786,2.614663355188938,0.21875,2.0,985.7543263435364,0.7350354194641113
52,coarsened,oracle_pure,0.7743981068074085,2.867556400176568,0.23,2.0,969.2310543060303,0.7278971672058105
52,coarsened,oracle_full,0.7529820325698704,3.0171084333273086,0.24,2.0,982.0810899734497,0.7408759593963623
52,none,regime_only,0.7683785335050763,2.902584864379392,0.23,2.0,970.512291431427,0.7221212387084961
52,none,combined,0.7683785335050763,2.902584864379392,0.23,2.0,970.8197023868561,0.7214260101318359
52,none,oracle_pure,0.7743981068074085,2.867556400176568,0.23,2.0,971.8653061389923,0.7093863487243652
52,none,oracle_full,0.7743981068074085,2.867556400176568,0.23,2.0,970.6146302223206,0.7256143093109131
53,full,sigma_only,1.0363468469054269,3.701145342828127,0.2975,2.0,973.1951701641083,0.7174313068389893
53,full,regime_only,0.9046179594984146,3.244102484974846,0.256875,2.0,968.943220615387,0.72283935546875
53,full,combined,0.9754813363116575,3.5907490478005997,0.290625,1.0,980.4877393245697,0.7418673038482666
53,full,oracle_pure,0.9188763794293862,3.1749194818581685,0.255625,2.0,969.8756229877472,0.7053225040435791
53,full,oracle_full,0.9547127959121754,3.3498389152868384,0.26125,2.0,981.7757096290588,0.7623167037963867
53,noisy,sigma_only,0.9759273758663088,3.6712791107904934,0.275,2.0,972.7825193405151,0.7246193885803223
53,noisy,regime_only,0.9046179594984146,3.244102484974846,0.256875,2.0,971.8657937049866,0.7227210998535156
53,noisy,combined,1.0052420903964612,3.766200737139485,0.2775,2.0,983.6128554344177,0.7378454208374023
53,noisy,oracle_pure,0.9188763794293862,3.1749194818581685,0.255625,2.0,969.5946650505066,0.7506442070007324
53,noisy,oracle_full,0.9156832230051484,3.3208705175494657,0.256875,2.0,981.7669570446014,0.7341647148132324
53,lagged,sigma_only,0.9616184613024082,3.2282630586335443,0.260625,1.0,970.0957181453705,0.7276251316070557
53,lagged,regime_only,0.9046179594984146,3.244102484974846,0.256875,2.0,970.4582526683807,0.714240312576294
53,lagged,combined,0.9123220750229826,2.9302550605240327,0.23625,1.0,983.1584978103638,0.7453179359436035
53,lagged,oracle_pure,0.9188763794293862,3.1749194818581685,0.255625,2.0,971.3463287353516,0.7147979736328125
53,lagged,oracle_full,1.076240596524299,3.810120591879894,0.29875,2.0,981.7809085845947,0.742990255355835
53,coarsened,sigma_only,0.9923350786818955,4.101490914484984,0.325625,2.0,973.3532721996307,0.7198386192321777
53,coarsened,regime_only,0.9046179594984146,3.244102484974846,0.256875,2.0,969.241021156311,0.7127842903137207
53,coarsened,combined,0.9392048252845758,3.495814042560127,0.271875,2.0,981.4228930473328,0.7414848804473877
53,coarsened,oracle_pure,0.9188763794293862,3.1749194818581685,0.255625,2.0,970.7427835464478,0.7153332233428955
53,coarsened,oracle_full,0.9647036485561497,3.607856970850193,0.275,2.0,980.5159983634949,0.7472562789916992
53,none,regime_only,0.9046179594984146,3.244102484974846,0.256875,2.0,972.1332998275757,0.7284948825836182
53,none,combined,0.9046179594984146,3.244102484974846,0.256875,2.0,971.3584370613098,0.7257099151611328
53,none,oracle_pure,0.9188763794293862,3.1749194818581685,0.255625,2.0,969.634171962738,0.712090015411377
53,none,oracle_full,0.9188763794293862,3.1749194818581685,0.255625,2.0,968.9169239997864,0.7201645374298096
54,full,sigma_only,0.7764884560314087,3.356648976449719,0.295625,2.0,975.0588045120239,0.7222280502319336
54,full,regime_only,0.7573632254031993,2.8778513234393017,0.226875,1.0,971.4564154148102,0.726158857345581
54,full,combined,0.5649937085276829,3.321636839539039,0.24625,4.0,982.2045481204987,0.7398743629455566
54,full,oracle_pure,0.831220181983927,3.244043330085489,0.243125,2.0,970.062607049942,0.7262327671051025
54,full,oracle_full,0.5246491543746145,2.332351026902387,0.1725,3.0,982.5133218765259,0.7452185153961182
54,noisy,sigma_only,0.6888434453814498,2.30118957701238,0.23125,1.0,972.0461821556091,0.7236659526824951
54,noisy,regime_only,0.7573632254031993,2.8778513234393017,0.226875,1.0,971.7889881134033,0.7231795787811279
54,noisy,combined,0.6772701195537695,2.3855594607357347,0.234375,1.0,983.5771658420563,0.7392997741699219
54,noisy,oracle_pure,0.831220181983927,3.244043330085489,0.243125,2.0,970.2398855686188,0.709139347076416
54,noisy,oracle_full,0.8275926509406982,2.944549931758246,0.2675,2.0,982.5041046142578,0.7846813201904297
54,lagged,sigma_only,0.7192270157744428,3.0411042383565245,0.293125,2.0,973.8909096717834,0.7259283065795898
54,lagged,regime_only,0.7573632254031993,2.8778513234393017,0.226875,1.0,969.54851603508,0.7298169136047363
54,lagged,combined,0.7151499181350763,2.9140281224635345,0.195,2.0,984.2995839118958,0.7354533672332764
54,lagged,oracle_pure,0.831220181983927,3.244043330085489,0.243125,2.0,969.6580467224121,0.7292277812957764
54,lagged,oracle_full,0.718321950289873,2.59966517009029,0.211875,2.0,983.6978297233582,0.7371890544891357
54,coarsened,sigma_only,0.737564834816385,2.9808862498886697,0.28875,2.0,972.8027145862579,0.7182302474975586
54,coarsened,regime_only,0.7573632254031993,2.8778513234393017,0.226875,1.0,969.9510984420776,0.7379133701324463
54,coarsened,combined,0.8283903141383805,3.1152268188940013,0.248125,2.0,984.3590669631958,0.7535531520843506
54,coarsened,oracle_pure,0.831220181983927,3.244043330085489,0.243125,2.0,969.6510422229767,0.7095959186553955
54,coarsened,oracle_full,0.7515753097093358,2.584742187066041,0.23125,1.0,982.6016745567322,0.7271585464477539
54,none,regime_only,0.7573632254031993,2.8778513234393017,0.226875,1.0,970.108229637146,0.7066001892089844
54,none,combined,0.7573632254031993,2.8778513234393017,0.226875,1.0,971.130387544632,0.7258396148681641
54,none,oracle_pure,0.831220181983927,3.244043330085489,0.243125,2.0,969.9761371612549,0.7159342765808105
54,none,oracle_full,0.831220181983927,3.244043330085489,0.243125,2.0,971.6853494644165,0.7608528137207031
55,full,sigma_only,0.7565819507421545,3.383394766936931,0.304375,2.0,972.4653310775757,0.7210805416107178
55,full,regime_only,0.7484463015234248,2.456239146464384,0.186875,1.0,969.1278793811798,0.7169985771179199
55,full,combined,0.7767958002270674,3.0784989200413975,0.22125,2.0,982.5868275165558,0.7500386238098145
55,full,oracle_pure,0.7220708500752697,2.65878275770838,0.169375,2.0,970.3273327350616,0.7238786220550537
55,full,oracle_full,0.6856669800776879,2.533172006068341,0.238125,1.0,981.9403119087219,0.7346816062927246
55,noisy,sigma_only,0.6713005037574593,2.5004095672078677,0.1775,2.0,972.8259718418121,0.7312686443328857
55,noisy,regime_only,0.7484463015234248,2.456239146464384,0.186875,1.0,970.4920179843903,0.7282044887542725
55,noisy,combined,0.7259793158969945,2.826317547674165,0.2425,2.0,983.3802411556244,0.7355539798736572
55,noisy,oracle_pure,0.7220708500752697,2.65878275770838,0.169375,2.0,971.3169379234314,0.7349214553833008
55,noisy,oracle_full,0.579738248367133,2.118955374815158,0.1825,1.0,981.1631500720978,0.7355926036834717
55,lagged,sigma_only,0.7627155662897556,3.1052614618999286,0.289375,2.0,972.1917867660522,0.7290256023406982
55,lagged,regime_only,0.7484463015234248,2.456239146464384,0.186875,1.0,971.2651064395905,0.7326610088348389
55,lagged,combined,0.6130671201375861,2.4181647888952114,0.181875,1.0,983.2378096580505,0.7393784523010254
55,lagged,oracle_pure,0.7220708500752697,2.65878275770838,0.169375,2.0,970.5543155670166,0.7365198135375977
55,lagged,oracle_full,0.7043230500575891,2.81570676733746,0.25125,2.0,981.6349892616272,0.7239575386047363
55,coarsened,sigma_only,0.596584211393102,2.2691563040378497,0.176875,1.0,973.2537384033203,0.7327923774719238
55,coarsened,regime_only,0.7484463015234248,2.456239146464384,0.186875,1.0,972.0002524852753,0.7217299938201904
55,coarsened,combined,0.5972364326102391,2.195787032988335,0.150625,1.0,982.1946625709534,0.7448403835296631
55,coarsened,oracle_pure,0.7220708500752697,2.65878275770838,0.169375,2.0,969.4674298763275,0.7267851829528809
55,coarsened,oracle_full,0.7951168499031138,2.9720635143461323,0.25625,2.0,981.8239905834198,0.7351090908050537
55,none,regime_only,0.7484463015234248,2.456239146464384,0.186875,1.0,972.998429775238,0.7364413738250732
55,none,combined,0.7484463015234248,2.456239146464384,0.186875,1.0,972.5570297241211,0.7065024375915527
55,none,oracle_pure,0.7220708500752697,2.65878275770838,0.169375,2.0,969.3848242759705,0.7634727954864502
55,none,oracle_full,0.7220708500752697,2.65878275770838,0.169375,2.0,968.5737361907959,0.7097914218902588
56,full,sigma_only,0.7184473560803541,2.9861867452819837,0.26,3.0,971.3682181835175,0.7195088863372803
56,full,regime_only,0.7373049334422853,2.9572235998819423,0.26,2.0,968.1268925666809,0.7436110973358154
56,full,combined,0.6166287364806132,2.4701425588392425,0.22875,2.0,979.4915931224823,0.7453014850616455
56,full,oracle_pure,0.5713079302413638,2.4329734467843167,0.195,2.0,969.5064311027527,0.7520766258239746
56,full,oracle_full,0.6461695985815801,2.3011552137777187,0.155,2.0,980.961873292923,0.728036642074585
56,noisy,sigma_only,0.7026465916505893,2.5882622326744666,0.226875,2.0,971.164261341095,0.733271598815918
56,noisy,regime_only,0.7373049334422853,2.9572235998819423,0.26,2.0,969.5752923488617,0.7219572067260742
56,noisy,combined,0.6939980682855578,2.6494229033261973,0.23375,2.0,981.1092758178711,0.7297773361206055
56,noisy,oracle_pure,0.5713079302413638,2.4329734467843167,0.195,2.0,968.2278506755829,0.7209641933441162
56,noisy,oracle_full,0.5873283754209582,2.206154821785958,0.178125,2.0,979.9381768703461,0.7327508926391602
56,lagged,sigma_only,0.7325754238433135,3.155678846927813,0.253125,3.0,971.6729872226715,0.7136130332946777
56,lagged,regime_only,0.7373049334422853,2.9572235998819423,0.26,2.0,969.8735842704773,0.7201368808746338
56,lagged,combined,0.6629950460764291,2.644562760182893,0.2425,2.0,981.9504480361938,0.7407159805297852
56,lagged,oracle_pure,0.5713079302413638,2.4329734467843167,0.195,2.0,970.4578034877777,0.7437264919281006
56,lagged,oracle_full,0.6023338689881543,2.2716789868523364,0.2,2.0,981.1283586025238,0.7491576671600342
56,coarsened,sigma_only,0.7251368774181136,3.091315403452583,0.255,2.0,971.5740096569061,0.7240874767303467
56,coarsened,regime_only,0.7373049334422853,2.9572235998819423,0.26,2.0,970.0581755638123,0.7125816345214844
56,coarsened,combined,0.7315757970889704,3.2816792151551937,0.270625,3.0,982.4684760570526,0.743274450302124
56,coarsened,oracle_pure,0.5713079302413638,2.4329734467843167,0.195,2.0,968.9876294136047,0.7276968955993652
56,coarsened,oracle_full,0.6626282770313559,2.639271081534716,0.24125,2.0,980.8502027988434,0.7414391040802002
56,none,regime_only,0.7373049334422853,2.9572235998819423,0.26,2.0,971.0783421993256,0.729917049407959
56,none,combined,0.7373049334422853,2.9572235998819423,0.26,2.0,970.0756180286407,0.7495410442352295
56,none,oracle_pure,0.5713079302413638,2.4329734467843167,0.195,2.0,969.3116071224213,0.7204811573028564
56,none,oracle_full,0.5713079302413638,2.4329734467843167,0.195,2.0,970.1420216560364,0.7099192142486572
57,full,sigma_only,0.6576408220388577,2.9611057882906238,0.27,2.0,971.9742193222046,0.7244071960449219
57,full,regime_only,0.7661386975310435,2.997967954710603,0.27125,2.0,971.0225086212158,0.7109241485595703
57,full,combined,0.6536120566503874,2.5380935466530588,0.253125,2.0,982.8310217857361,0.7467472553253174
57,full,oracle_pure,0.657915997009865,2.5838336421376766,0.214375,2.0,969.746559381485,0.7319679260253906
57,full,oracle_full,0.6096348515538873,2.040278944441269,0.2125,1.0,981.9203045368195,0.7430188655853271
57,noisy,sigma_only,0.7258088246038956,2.7865173873733085,0.28375,2.0,972.8210191726685,0.7355790138244629
57,noisy,regime_only,0.7661386975310435,2.997967954710603,0.27125,2.0,970.6942043304443,0.723747730255127
57,noisy,combined,0.7108202486884777,2.7951200452392015,0.244375,2.0,980.5747485160828,0.7388491630554199
57,noisy,oracle_pure,0.657915997009865,2.5838336421376766,0.214375,2.0,969.2388327121735,0.7148869037628174
57,noisy,oracle_full,0.5536926478036506,2.2122185391329765,0.22875,2.0,980.9704430103302,0.7342677116394043
57,lagged,sigma_only,0.7377525084067028,2.9148513418635105,0.315,2.0,971.2440047264099,0.7189857959747314
57,lagged,regime_only,0.7661386975310435,2.997967954710603,0.27125,2.0,968.7774379253387,0.7105534076690674
57,lagged,combined,0.6132704997537215,2.229266653240117,0.239375,2.0,980.7515931129456,0.7389175891876221
57,lagged,oracle_pure,0.657915997009865,2.5838336421376766,0.214375,2.0,969.2902488708496,0.7207159996032715
57,lagged,oracle_full,0.591795736286319,2.166583645144911,0.2325,2.0,980.883024930954,0.7351582050323486
57,coarsened,sigma_only,0.6636864790620247,2.8145178563413964,0.26625,2.0,973.016268491745,0.7226479053497314
57,coarsened,regime_only,0.7661386975310435,2.997967954710603,0.27125,2.0,970.549476146698,0.7270448207855225
57,coarsened,combined,0.651175180181898,2.737856996241348,0.253125,2.0,980.6788647174835,0.7261390686035156
57,coarsened,oracle_pure,0.657915997009865,2.5838336421376766,0.214375,2.0,969.7782652378082,0.7217528820037842
57,coarsened,oracle_full,0.6952215029221082,2.576845465510388,0.22125,2.0,981.658355474472,0.7415227890014648
57,none,regime_only,0.7661386975310435,2.997967954710603,0.27125,2.0,970.1153569221497,0.7181854248046875
57,none,combined,0.7661386975310435,2.997967954710603,0.27125,2.0,971.7516000270844,0.7205836772918701
57,none,oracle_pure,0.657915997009865,2.5838336421376766,0.214375,2.0,968.8390243053436,0.7115981578826904
57,none,oracle_full,0.657915997009865,2.5838336421376766,0.214375,2.0,969.67542552948,0.722714900970459
58,full,sigma_only,0.6859910429702917,2.5702878369259565,0.224375,2.0,972.731360912323,0.7231788635253906
58,full,regime_only,0.6956439753483473,2.6602519031086445,0.23375,2.0,970.1213686466217,0.7208130359649658
58,full,combined,0.7237179511837837,2.7225630288711926,0.201875,2.0,981.1838448047638,0.7401788234710693
58,full,oracle_pure,0.7117501123929066,2.6065352254272227,0.225625,2.0,970.3131897449493,0.7168834209442139
58,full,oracle_full,0.5047225512400104,1.499588492221136,0.153125,1.0,981.4533939361572,0.7450504302978516
58,noisy,sigma_only,0.7128719421028071,2.959253305645632,0.25125,2.0,972.6132299900055,0.7320845127105713
58,noisy,regime_only,0.6956439753483473,2.6602519031086445,0.23375,2.0,970.7318317890167,0.7338747978210449
58,noisy,combined,0.7277107989567903,2.599062705146025,0.2325,2.0,981.1843316555023,0.7436075210571289
58,noisy,oracle_pure,0.7117501123929066,2.6065352254272227,0.225625,2.0,970.9335458278656,0.7214820384979248
58,noisy,oracle_full,0.7064789558736123,2.657131009294801,0.20875,2.0,981.9491307735443,0.725395679473877
58,lagged,sigma_only,0.7752236560551035,3.262764668346634,0.281875,2.0,971.3040552139282,0.7205381393432617
58,lagged,regime_only,0.6956439753483473,2.6602519031086445,0.23375,2.0,969.2901380062103,0.7212328910827637
58,lagged,combined,0.6262234715386142,2.4464227268243803,0.183125,2.0,980.8459088802338,0.7424466609954834
58,lagged,oracle_pure,0.7117501123929066,2.6065352254272227,0.225625,2.0,971.3863928318024,0.7275407314300537
58,lagged,oracle_full,0.6891613682423681,2.6534635830446973,0.2275,2.0,982.1860740184784,0.7352039813995361
58,coarsened,sigma_only,0.8485787830990973,3.2701217789913954,0.271875,2.0,971.8601758480072,0.7251911163330078
58,coarsened,regime_only,0.6956439753483473,2.6602519031086445,0.23375,2.0,970.4285216331482,0.7483227252960205
58,coarsened,combined,0.8077826984124776,3.0104630923142537,0.266875,2.0,981.5244436264038,0.7483367919921875
58,coarsened,oracle_pure,0.7117501123929066,2.6065352254272227,0.225625,2.0,969.8349645137787,0.7288227081298828
58,coarsened,oracle_full,0.5619323572776636,2.148984512919654,0.186875,2.0,982.4186339378357,0.751723051071167
58,none,regime_only,0.6956439753483473,2.6602519031086445,0.23375,2.0,970.1569557189941,0.7239277362823486
58,none,combined,0.6956439753483473,2.6602519031086445,0.23375,2.0,970.0131361484528,0.7211298942565918
58,none,oracle_pure,0.7117501123929066,2.6065352254272227,0.225625,2.0,972.758674621582,0.7368450164794922
58,none,oracle_full,0.7117501123929066,2.6065352254272227,0.225625,2.0,969.8430118560791,0.7104289531707764
59,full,sigma_only,0.8702467903459812,3.34364550912629,0.273125,2.0,971.1625263690948,0.7452137470245361
59,full,regime_only,0.7192279501106559,2.7605130207669077,0.164375,1.0,971.5872623920441,0.7176222801208496
59,full,combined,0.6819332024498115,2.5950667766514925,0.1975,2.0,984.2807116508484,0.7506122589111328
59,full,oracle_pure,0.7063915707021228,2.5795296456307852,0.205625,1.0,970.5254051685333,0.7321710586547852
59,full,oracle_full,0.6868364304121325,2.870235772892002,0.239375,2.0,984.3771877288818,0.7493250370025635
59,noisy,sigma_only,0.744137212733085,2.8495685057347515,0.238125,2.0,978.0869107246399,0.730339765548706
59,noisy,regime_only,0.7192279501106559,2.7605130207669077,0.164375,1.0,976.2976956367493,0.728731632232666
59,noisy,combined,0.7054331560677883,3.037808742245531,0.248125,2.0,987.523341178894,0.735262393951416
59,noisy,oracle_pure,0.7063915707021228,2.5795296456307852,0.205625,1.0,976.3504433631897,0.7130141258239746
59,noisy,oracle_full,0.7960446628502429,3.0924471796611783,0.2325,2.0,982.1809196472168,0.7356669902801514
59,lagged,sigma_only,0.8429782467510283,3.130997311521398,0.236875,2.0,974.058435678482,0.7307727336883545
59,lagged,regime_only,0.7192279501106559,2.7605130207669077,0.164375,1.0,972.3012382984161,0.7196907997131348
59,lagged,combined,0.6227293159318738,1.968449824432426,0.1725,1.0,984.0426559448242,0.7348124980926514
59,lagged,oracle_pure,0.7063915707021228,2.5795296456307852,0.205625,1.0,971.9975979328156,0.7280440330505371
59,lagged,oracle_full,0.796139714672087,3.155393832140007,0.244375,2.0,982.5599915981293,0.7273955345153809
59,coarsened,sigma_only,0.8524116818366737,3.6261174620925374,0.29125,3.0,973.024138212204,0.7287654876708984
59,coarsened,regime_only,0.7192279501106559,2.7605130207669077,0.164375,1.0,970.3847994804382,0.7172045707702637
59,coarsened,combined,0.7612700459408629,2.5832455234830576,0.22625,2.0,983.5999321937561,0.7323565483093262
59,coarsened,oracle_pure,0.7063915707021228,2.5795296456307852,0.205625,1.0,971.7795197963715,0.7233681678771973
59,coarsened,oracle_full,0.7982468376309062,2.9336820475165126,0.234375,2.0,982.6707437038422,0.7465803623199463
59,none,regime_only,0.7192279501106559,2.7605130207669077,0.164375,1.0,970.5084483623505,0.7289254665374756
59,none,combined,0.7192279501106559,2.7605130207669077,0.164375,1.0,971.3948752880096,0.7159299850463867
59,none,oracle_pure,0.7063915707021228,2.5795296456307852,0.205625,1.0,971.4643838405609,0.7349298000335693
59,none,oracle_full,0.7063915707021228,2.5795296456307852,0.205625,1.0,970.4350981712341,0.7120845317840576
60,full,sigma_only,0.8005435225485515,2.6394190335538212,0.221875,2.0,974.0850615501404,0.7111849784851074
60,full,regime_only,0.8066171206593802,3.283572897427021,0.239375,2.0,971.3344304561615,0.7299613952636719
60,full,combined,0.772753080987998,2.7815600961933598,0.195,2.0,985.9541766643524,0.7337203025817871
60,full,oracle_pure,0.7698368009312141,2.620667018625028,0.23125,2.0,971.3537392616272,0.7258827686309814
60,full,oracle_full,0.7394241029326768,2.3406769433955503,0.191875,1.0,982.0424942970276,0.7370710372924805
60,noisy,sigma_only,0.8881398857400401,3.6354400666725013,0.316875,2.0,973.8920886516571,0.7269248962402344
60,noisy,regime_only,0.8066171206593802,3.283572897427021,0.239375,2.0,973.5088856220245,0.7302882671356201
60,noisy,combined,0.7617432585237357,2.662900927814462,0.221875,2.0,983.8335881233215,0.7374670505523682
60,noisy,oracle_pure,0.7698368009312141,2.620667018625028,0.23125,2.0,970.4588828086853,0.7141063213348389
60,noisy,oracle_full,0.7209818085537288,2.7579129726465226,0.188125,2.0,983.0612289905548,0.7462418079376221
60,lagged,sigma_only,0.8698400356673286,3.259636774889202,0.27875,2.0,973.9712216854095,0.7280361652374268
60,lagged,regime_only,0.8066171206593802,3.283572897427021,0.239375,2.0,970.7944610118866,0.7193126678466797
60,lagged,combined,0.8374009103871992,3.131514175037239,0.255,2.0,983.5420951843262,0.7407698631286621
60,lagged,oracle_pure,0.7698368009312141,2.620667018625028,0.23125,2.0,971.7309722900391,0.716618537902832
60,lagged,oracle_full,0.716568465793216,2.5677083165335404,0.18375,2.0,983.5719738006592,0.7429804801940918
60,coarsened,sigma_only,0.7769628357437417,3.014128515206906,0.195,2.0,974.5074939727783,0.7394168376922607
60,coarsened,regime_only,0.8066171206593802,3.283572897427021,0.239375,2.0,971.8063414096832,0.7214193344116211
60,coarsened,combined,0.8165811303863453,2.9309218782030086,0.2425,1.0,982.9168386459351,0.7533402442932129
60,coarsened,oracle_pure,0.7698368009312141,2.620667018625028,0.23125,2.0,971.9160664081573,0.721585750579834
60,coarsened,oracle_full,0.852733629260353,3.1615938241331207,0.26375,2.0,984.4142551422119,0.735527515411377
60,none,regime_only,0.8066171206593802,3.283572897427021,0.239375,2.0,972.3578636646271,0.721672773361206
60,none,combined,0.8066171206593802,3.283572897427021,0.239375,2.0,971.9634938240051,0.7244358062744141
60,none,oracle_pure,0.7698368009312141,2.620667018625028,0.23125,2.0,971.4654800891876,0.7234044075012207
60,none,oracle_full,0.7698368009312141,2.620667018625028,0.23125,2.0,971.2248945236206,0.7193255424499512
61,full,sigma_only,0.7879167880923086,3.4010180320476877,0.294375,2.0,973.9517159461975,0.7219152450561523
61,full,regime_only,0.6437444767285792,2.4327608650812493,0.22375,2.0,972.0679132938385,0.7500319480895996
61,full,combined,0.6382252491219882,2.4960774378691326,0.225,2.0,983.9330017566681,0.7356045246124268
61,full,oracle_pure,0.5525921194926682,2.233022116568904,0.1525,2.0,973.4264271259308,0.7302439212799072
61,full,oracle_full,0.6560718057965261,2.341462513237275,0.2125,1.0,984.5336754322052,0.7326607704162598
61,noisy,sigma_only,0.8134043678095897,3.004861182818672,0.295625,2.0,973.0641977787018,0.7316980361938477
61,noisy,regime_only,0.6437444767285792,2.4327608650812493,0.22375,2.0,973.1444065570831,0.7370119094848633
61,noisy,combined,0.7728560933971592,2.9256374704800976,0.23625,2.0,982.457615852356,0.7342140674591064
61,noisy,oracle_pure,0.5525921194926682,2.233022116568904,0.1525,2.0,971.1914918422699,0.7287287712097168
61,noisy,oracle_full,0.7510188870867883,3.2386800305894496,0.24625,2.0,982.7673246860504,0.7277698516845703
61,lagged,sigma_only,0.777531092871405,3.123098623359141,0.243125,2.0,977.1786887645721,0.7358620166778564
61,lagged,regime_only,0.6437444767285792,2.4327608650812493,0.22375,2.0,971.6362080574036,0.7225029468536377
61,lagged,combined,0.6410350108337012,2.1944571668342547,0.175,1.0,983.2760963439941,0.7288482189178467
61,lagged,oracle_pure,0.5525921194926682,2.233022116568904,0.1525,2.0,970.1456818580627,0.7252459526062012
61,lagged,oracle_full,0.7668949986932165,2.676679801920912,0.22375,1.0,982.2044153213501,0.7440667152404785
61,coarsened,sigma_only,0.7905666030482067,3.544518888254629,0.315625,4.0,972.8833885192871,0.7129216194152832
61,coarsened,regime_only,0.6437444767285792,2.4327608650812493,0.22375,2.0,974.5083146095276,0.7119722366333008
61,coarsened,combined,0.6916053227609935,2.1874750785734562,0.2,2.0,983.3701274394989,0.7438962459564209
61,coarsened,oracle_pure,0.5525921194926682,2.233022116568904,0.1525,2.0,972.2101745605469,0.7387933731079102
61,coarsened,oracle_full,0.7344375897063853,2.6694718590009785,0.23,1.0,983.6073541641235,0.7485172748565674
61,none,regime_only,0.6437444767285792,2.4327608650812493,0.22375,2.0,972.1249916553497,0.7181687355041504
61,none,combined,0.6437444767285792,2.4327608650812493,0.22375,2.0,971.2555191516876,0.7359130382537842
61,none,oracle_pure,0.5525921194926682,2.233022116568904,0.1525,2.0,972.6153690814972,0.7176105976104736
61,none,oracle_full,0.5525921194926682,2.233022116568904,0.1525,2.0,971.2065155506134,0.7266230583190918
